{
    "id": "wall-maker",
    "title": "Wall Maker",
    "description": "Advanced wall detection and creation module with pattern recognition and structural analysis",
    "version": "1.0.1",
    "compatibility": {
        "minimum": "11",
        "verified": "12.7",
        "maximum": "12"
    },
    "authors": [
        {
            "name": "Lesos",
            "discord": "Lesos"
        }
    ],
    "esmodules": [
        "scripts/wall-maker.js"
    ],
    "styles": [
        "styles/wall-maker.css"
    ],
    "languages": [
        {
            "lang": "en",
            "name": "English",
            "path": "languages/en.json"
        }
    ],
    "url": "https://github.com/LesosAI/Wall-Maker",
    "manifest": "https://raw.githubusercontent.com/LesosAI/Wall-Maker/main/module.json",
    "download": "https://github.com/LesosAI/Wall-Maker/releases/download/v1.0.1/wall-maker.zip",
    "license": "MIT",
    "readme": "README.md",
    "bugs": "https://github.com/LesosAI/Wall-Maker/issues",
    "changelog": "CHANGELOG.md"
} 